,participant,perceivability,Pattern,Frequency,Repetitions,Unpleasant-Pleasant,Weak-Strong,Calm-Excitable
0,Archimedes,True,Point,250.0,8.0,5.0,2.0,4.0
1,Archimedes,True,Point,250.0,4.0,4.0,2.0,2.0
2,Archimedes,True,Random,16.0,4.0,3.0,4.0,5.0
3,Archimedes,True,Circle,125.0,1.0,5.0,5.0,4.0
4,Archimedes,True,Point,250.0,1.0,5.0,2.0,1.0
5,Archimedes,True,Circle,250.0,8.0,2.0,4.0,4.0
6,Archimedes,True,Random,250.0,8.0,4.0,5.0,4.0
7,Archimedes,True,Point,16.0,8.0,3.0,0.0,3.0
8,Archimedes,True,Point,125.0,1.0,2.0,4.0,4.0
9,Archimedes,True,Random,125.0,1.0,1.0,6.0,6.0
10,Archimedes,True,Random,250.0,1.0,2.0,6.0,5.0
11,Archimedes,True,Brush,125.0,4.0,5.0,5.0,3.0
12,Archimedes,True,Point,125.0,8.0,3.0,2.0,4.0
13,Archimedes,True,Random,125.0,4.0,2.0,4.0,4.0
14,Archimedes,True,Brush,125.0,8.0,2.0,5.0,5.0
15,Archimedes,True,Circle,16.0,1.0,5.0,0.0,1.0
16,Archimedes,True,Brush,16.0,4.0,2.0,5.0,4.0
17,Archimedes,True,Random,16.0,8.0,2.0,4.0,4.0
18,Archimedes,True,Circle,250.0,1.0,5.0,3.0,1.0
19,Archimedes,True,Random,125.0,8.0,3.0,5.0,4.0
20,Archimedes,True,Circle,125.0,4.0,2.0,4.0,4.0
21,Archimedes,True,Brush,250.0,1.0,6.0,6.0,1.0
22,Archimedes,False,Point,16.0,1.0,,,
23,Archimedes,True,Circle,16.0,4.0,3.0,0.0,2.0
24,Archimedes,True,Circle,16.0,8.0,1.0,1.0,4.0
25,Archimedes,True,Brush,125.0,1.0,6.0,5.0,1.0
26,Archimedes,True,Brush,16.0,8.0,5.0,5.0,5.0
27,Archimedes,True,Brush,16.0,1.0,6.0,6.0,1.0
28,Archimedes,True,Random,250.0,4.0,1.0,5.0,5.0
29,Archimedes,True,Circle,125.0,8.0,3.0,4.0,4.0
30,Archimedes,True,Point,125.0,4.0,3.0,2.0,3.0
31,Archimedes,True,Random,16.0,1.0,5.0,4.0,5.0
32,Archimedes,True,Brush,250.0,8.0,2.0,5.0,4.0
33,Archimedes,False,Point,16.0,1.0,,,
34,Archimedes,True,Brush,250.0,4.0,5.0,5.0,5.0
35,Archimedes,True,Circle,250.0,4.0,2.0,4.0,3.0
36,Archimedes,True,Point,16.0,4.0,4.0,0.0,2.0
37,Aristotle,True,Circle,250.0,4.0,5.0,4.0,4.0
38,Aristotle,True,Brush,16.0,4.0,5.0,5.0,3.0
39,Aristotle,True,Point,16.0,8.0,3.0,0.0,1.0
40,Aristotle,True,Brush,16.0,8.0,4.0,5.0,4.0
41,Aristotle,True,Random,125.0,8.0,4.0,3.0,5.0
42,Aristotle,True,Random,125.0,1.0,5.0,4.0,4.0
43,Aristotle,True,Circle,125.0,4.0,5.0,2.0,3.0
44,Aristotle,True,Random,250.0,8.0,5.0,2.0,4.0
45,Aristotle,True,Random,16.0,8.0,5.0,2.0,4.0
46,Aristotle,True,Point,250.0,1.0,5.0,1.0,0.0
47,Aristotle,False,Circle,16.0,4.0,,,
48,Aristotle,True,Point,250.0,4.0,5.0,0.0,1.0
49,Aristotle,True,Circle,125.0,1.0,5.0,1.0,2.0
50,Aristotle,True,Point,125.0,1.0,5.0,1.0,2.0
51,Aristotle,True,Circle,250.0,1.0,5.0,1.0,1.0
52,Aristotle,True,Random,250.0,4.0,5.0,2.0,3.0
53,Aristotle,True,Point,250.0,8.0,6.0,1.0,3.0
54,Aristotle,True,Brush,250.0,8.0,5.0,3.0,4.0
55,Aristotle,True,Circle,250.0,8.0,5.0,2.0,3.0
56,Aristotle,True,Random,16.0,1.0,5.0,3.0,5.0
57,Aristotle,False,Point,16.0,1.0,,,
58,Aristotle,True,Point,125.0,8.0,4.0,1.0,4.0
59,Aristotle,True,Brush,125.0,1.0,5.0,2.0,2.0
60,Aristotle,True,Brush,250.0,1.0,6.0,3.0,1.0
61,Aristotle,False,Circle,16.0,1.0,,,
62,Aristotle,False,Point,16.0,1.0,,,
63,Aristotle,True,Brush,16.0,1.0,6.0,2.0,1.0
64,Aristotle,True,Circle,16.0,8.0,5.0,0.0,0.0
65,Aristotle,True,Circle,125.0,8.0,5.0,1.0,4.0
66,Aristotle,True,Point,125.0,4.0,5.0,1.0,3.0
67,Aristotle,True,Brush,125.0,4.0,5.0,4.0,5.0
68,Aristotle,False,Point,16.0,4.0,,,
69,Aristotle,True,Random,16.0,4.0,5.0,2.0,4.0
70,Aristotle,True,Brush,250.0,4.0,5.0,3.0,4.0
71,Aristotle,True,Brush,125.0,8.0,5.0,3.0,4.0
72,Aristotle,True,Random,250.0,1.0,5.0,4.0,5.0
73,Aristotle,True,Random,125.0,4.0,5.0,3.0,5.0
74,Bernoulli,True,Random,16.0,8.0,6.0,3.0,5.0
75,Bernoulli,True,Circle,125.0,4.0,6.0,2.0,1.0
76,Bernoulli,True,Random,250.0,4.0,4.0,2.0,4.0
77,Bernoulli,True,Brush,16.0,8.0,4.0,2.0,4.0
78,Bernoulli,True,Brush,125.0,8.0,4.0,2.0,4.0
79,Bernoulli,True,Random,125.0,8.0,4.0,2.0,5.0
80,Bernoulli,True,Circle,16.0,4.0,3.0,0.0,1.0
81,Bernoulli,True,Random,125.0,1.0,4.0,3.0,5.0
82,Bernoulli,True,Brush,250.0,1.0,4.0,3.0,0.0
83,Bernoulli,True,Random,125.0,4.0,3.0,2.0,3.0
84,Bernoulli,True,Circle,125.0,1.0,4.0,1.0,0.0
85,Bernoulli,True,Brush,125.0,4.0,2.0,2.0,4.0
86,Bernoulli,True,Random,16.0,1.0,2.0,2.0,5.0
87,Bernoulli,True,Circle,250.0,1.0,4.0,1.0,1.0
88,Bernoulli,True,Circle,250.0,8.0,4.0,1.0,3.0
89,Bernoulli,True,Random,16.0,4.0,4.0,2.0,5.0
90,Bernoulli,True,Point,125.0,1.0,4.0,1.0,0.0
91,Bernoulli,True,Circle,125.0,8.0,4.0,1.0,4.0
92,Bernoulli,True,Brush,125.0,1.0,3.0,3.0,2.0
93,Bernoulli,True,Point,250.0,8.0,3.0,1.0,3.0
94,Bernoulli,False,Point,16.0,4.0,,,
95,Bernoulli,True,Brush,16.0,4.0,4.0,3.0,3.0
96,Bernoulli,True,Random,250.0,1.0,3.0,2.0,5.0
97,Bernoulli,True,Circle,250.0,4.0,4.0,1.0,2.0
98,Bernoulli,False,Point,16.0,1.0,,,
99,Bernoulli,True,Brush,16.0,1.0,3.0,2.0,3.0
100,Bernoulli,True,Brush,250.0,8.0,4.0,1.0,4.0
101,Bernoulli,False,Point,16.0,1.0,,,
102,Bernoulli,True,Point,16.0,8.0,3.0,0.0,3.0
103,Bernoulli,True,Circle,16.0,8.0,3.0,0.0,4.0
104,Bernoulli,False,Circle,16.0,1.0,,,
105,Bernoulli,True,Point,125.0,8.0,3.0,1.0,4.0
106,Bernoulli,True,Point,250.0,4.0,4.0,1.0,2.0
107,Bernoulli,True,Brush,250.0,4.0,5.0,2.0,3.0
108,Bernoulli,True,Point,125.0,4.0,4.0,1.0,2.0
109,Bernoulli,True,Point,250.0,1.0,3.0,0.0,0.0
110,Bernoulli,True,Random,250.0,8.0,3.0,1.0,5.0
111,Bohr,True,Point,250.0,8.0,5.0,1.0,2.0
112,Bohr,True,Point,125.0,1.0,5.0,2.0,2.0
113,Bohr,True,Circle,16.0,4.0,3.0,0.0,3.0
114,Bohr,True,Point,125.0,4.0,3.0,2.0,4.0
115,Bohr,True,Point,16.0,8.0,3.0,0.0,3.0
116,Bohr,True,Circle,125.0,1.0,5.0,2.0,1.0
117,Bohr,True,Circle,125.0,8.0,6.0,3.0,1.0
118,Bohr,True,Brush,16.0,4.0,6.0,3.0,4.0
119,Bohr,False,Point,16.0,1.0,,,
120,Bohr,True,Brush,125.0,4.0,6.0,3.0,4.0
121,Bohr,True,Random,125.0,8.0,5.0,3.0,3.0
122,Bohr,False,Point,16.0,1.0,,,
123,Bohr,True,Circle,250.0,8.0,5.0,3.0,3.0
124,Bohr,True,Brush,16.0,1.0,4.0,4.0,4.0
125,Bohr,True,Circle,125.0,4.0,4.0,4.0,5.0
126,Bohr,True,Brush,250.0,4.0,4.0,5.0,5.0
127,Bohr,True,Circle,250.0,1.0,5.0,3.0,3.0
128,Bohr,True,Random,16.0,8.0,4.0,3.0,5.0
129,Bohr,True,Point,250.0,4.0,3.0,1.0,3.0
130,Bohr,True,Random,250.0,4.0,3.0,4.0,4.0
131,Bohr,True,Point,16.0,4.0,3.0,0.0,3.0
132,Bohr,True,Random,16.0,4.0,3.0,4.0,4.0
133,Bohr,True,Circle,16.0,8.0,4.0,0.0,1.0
134,Bohr,True,Circle,250.0,4.0,3.0,4.0,5.0
135,Bohr,True,Point,250.0,1.0,3.0,1.0,3.0
136,Bohr,True,Random,250.0,1.0,4.0,5.0,5.0
137,Bohr,True,Point,125.0,8.0,2.0,2.0,4.0
138,Bohr,True,Brush,250.0,8.0,5.0,5.0,5.0
139,Bohr,True,Random,125.0,1.0,5.0,5.0,4.0
140,Bohr,True,Random,16.0,1.0,5.0,4.0,4.0
141,Bohr,True,Brush,250.0,1.0,6.0,5.0,3.0
142,Bohr,True,Brush,125.0,1.0,6.0,5.0,3.0
143,Bohr,True,Brush,16.0,8.0,3.0,4.0,5.0
144,Bohr,True,Brush,125.0,8.0,3.0,4.0,5.0
145,Bohr,True,Random,250.0,8.0,3.0,4.0,5.0
146,Bohr,True,Random,125.0,4.0,3.0,5.0,5.0
147,Bohr,False,Circle,16.0,1.0,,,
148,Copernicus,True,Random,250.0,4.0,5.0,3.0,5.0
149,Copernicus,True,Point,16.0,8.0,4.0,2.0,3.0
150,Copernicus,True,Point,16.0,4.0,4.0,1.0,3.0
151,Copernicus,True,Random,16.0,4.0,4.0,5.0,6.0
152,Copernicus,True,Brush,250.0,4.0,4.0,6.0,6.0
153,Copernicus,True,Random,125.0,8.0,4.0,5.0,6.0
154,Copernicus,True,Point,125.0,1.0,5.0,4.0,2.0
155,Copernicus,True,Point,125.0,8.0,4.0,4.0,4.0
156,Copernicus,True,Circle,125.0,1.0,5.0,4.0,3.0
157,Copernicus,True,Point,250.0,8.0,4.0,2.0,4.0
158,Copernicus,True,Circle,16.0,8.0,3.0,1.0,4.0
159,Copernicus,True,Random,125.0,1.0,3.0,5.0,6.0
160,Copernicus,True,Brush,125.0,8.0,3.0,5.0,5.0
161,Copernicus,False,Point,16.0,1.0,,,
162,Copernicus,True,Brush,16.0,4.0,3.0,4.0,4.0
163,Copernicus,True,Point,250.0,4.0,4.0,3.0,3.0
164,Copernicus,True,Circle,16.0,1.0,6.0,1.0,0.0
165,Copernicus,True,Brush,16.0,8.0,4.0,5.0,5.0
166,Copernicus,True,Random,125.0,4.0,4.0,4.0,5.0
167,Copernicus,True,Brush,16.0,1.0,4.0,4.0,3.0
168,Copernicus,True,Point,16.0,1.0,3.0,1.0,1.0
169,Copernicus,True,Random,16.0,8.0,3.0,4.0,6.0
170,Copernicus,True,Circle,250.0,4.0,3.0,3.0,4.0
171,Copernicus,True,Random,250.0,1.0,2.0,4.0,4.0
172,Copernicus,True,Brush,250.0,8.0,3.0,4.0,5.0
173,Copernicus,True,Brush,125.0,1.0,3.0,4.0,4.0
174,Copernicus,True,Point,125.0,4.0,3.0,4.0,3.0
175,Copernicus,True,Random,16.0,1.0,4.0,5.0,6.0
176,Copernicus,True,Brush,250.0,1.0,3.0,4.0,3.0
177,Copernicus,True,Point,250.0,1.0,4.0,2.0,2.0
178,Copernicus,True,Brush,125.0,4.0,3.0,4.0,4.0
179,Copernicus,True,Random,250.0,8.0,3.0,4.0,5.0
180,Copernicus,True,Circle,250.0,8.0,3.0,3.0,4.0
181,Copernicus,True,Circle,16.0,4.0,3.0,0.0,3.0
182,Copernicus,True,Circle,250.0,1.0,4.0,4.0,2.0
183,Copernicus,True,Circle,125.0,8.0,3.0,4.0,4.0
184,Copernicus,True,Circle,125.0,4.0,3.0,3.0,4.0
185,Curie,True,Point,250.0,1.0,3.0,4.0,4.0
186,Curie,True,Random,250.0,1.0,4.0,4.0,4.0
187,Curie,True,Brush,16.0,4.0,4.0,4.0,4.0
188,Curie,True,Point,250.0,8.0,3.0,2.0,3.0
189,Curie,True,Circle,250.0,4.0,4.0,3.0,3.0
190,Curie,False,Circle,16.0,1.0,,,
191,Curie,True,Brush,16.0,1.0,4.0,3.0,2.0
192,Curie,True,Random,16.0,8.0,4.0,3.0,3.0
193,Curie,True,Brush,250.0,1.0,4.0,3.0,2.0
194,Curie,True,Brush,125.0,8.0,3.0,3.0,4.0
195,Curie,True,Point,125.0,1.0,3.0,1.0,2.0
196,Curie,True,Circle,250.0,8.0,3.0,3.0,2.0
197,Curie,False,Point,16.0,1.0,,,
198,Curie,True,Brush,125.0,1.0,4.0,4.0,3.0
199,Curie,True,Random,250.0,8.0,3.0,4.0,5.0
200,Curie,True,Brush,250.0,4.0,3.0,4.0,4.0
201,Curie,True,Point,125.0,4.0,3.0,1.0,2.0
202,Curie,True,Brush,250.0,8.0,3.0,3.0,3.0
203,Curie,True,Random,125.0,1.0,4.0,3.0,4.0
204,Curie,True,Brush,125.0,4.0,3.0,3.0,4.0
205,Curie,True,Point,250.0,4.0,3.0,1.0,2.0
206,Curie,True,Circle,125.0,4.0,3.0,2.0,3.0
207,Curie,False,Point,16.0,1.0,,,
208,Curie,True,Circle,250.0,1.0,4.0,1.0,2.0
209,Curie,True,Circle,16.0,8.0,3.0,0.0,1.0
210,Curie,True,Point,16.0,8.0,3.0,0.0,0.0
211,Curie,True,Circle,16.0,4.0,3.0,0.0,0.0
212,Curie,True,Point,16.0,4.0,3.0,0.0,1.0
213,Curie,True,Brush,16.0,8.0,4.0,4.0,4.0
214,Curie,True,Random,250.0,4.0,3.0,4.0,4.0
215,Curie,True,Random,16.0,4.0,4.0,4.0,4.0
216,Curie,True,Circle,125.0,1.0,4.0,3.0,4.0
217,Curie,True,Point,125.0,8.0,3.0,3.0,4.0
218,Curie,True,Circle,125.0,8.0,3.0,3.0,4.0
219,Curie,True,Random,125.0,8.0,3.0,4.0,4.0
220,Curie,True,Random,16.0,1.0,4.0,3.0,4.0
221,Curie,True,Random,125.0,4.0,3.0,3.0,2.0
222,Euler,True,Circle,125.0,8.0,3.0,2.0,2.0
223,Euler,True,Circle,250.0,4.0,3.0,4.0,3.0
224,Euler,True,Random,250.0,8.0,3.0,5.0,4.0
225,Euler,True,Circle,125.0,1.0,5.0,4.0,3.0
226,Euler,True,Brush,125.0,8.0,1.0,5.0,4.0
227,Euler,True,Random,250.0,1.0,1.0,5.0,5.0
228,Euler,True,Point,125.0,8.0,3.0,3.0,4.0
229,Euler,False,Circle,16.0,1.0,,,
230,Euler,True,Point,125.0,4.0,3.0,1.0,1.0
231,Euler,True,Random,16.0,8.0,4.0,4.0,4.0
232,Euler,False,Circle,16.0,4.0,,,
233,Euler,True,Brush,16.0,8.0,1.0,6.0,5.0
234,Euler,False,Point,16.0,1.0,,,
235,Euler,True,Circle,125.0,4.0,3.0,2.0,3.0
236,Euler,False,Point,16.0,4.0,,,
237,Euler,True,Random,250.0,4.0,1.0,6.0,5.0
238,Euler,True,Brush,250.0,1.0,0.0,6.0,5.0
239,Euler,True,Point,125.0,1.0,2.0,2.0,5.0
240,Euler,True,Circle,250.0,8.0,2.0,5.0,5.0
241,Euler,True,Brush,125.0,1.0,1.0,6.0,5.0
242,Euler,False,Circle,16.0,8.0,,,
243,Euler,False,Point,16.0,8.0,,,
244,Euler,True,Random,125.0,1.0,0.0,6.0,5.0
245,Euler,True,Brush,125.0,4.0,1.0,6.0,5.0
246,Euler,True,Point,250.0,1.0,2.0,6.0,4.0
247,Euler,True,Brush,250.0,4.0,0.0,6.0,5.0
248,Euler,True,Brush,16.0,4.0,0.0,6.0,5.0
249,Euler,False,Point,16.0,1.0,,,
250,Euler,True,Circle,250.0,1.0,1.0,5.0,4.0
251,Euler,True,Random,16.0,1.0,5.0,6.0,5.0
252,Euler,True,Point,250.0,4.0,1.0,6.0,4.0
253,Euler,True,Random,16.0,4.0,5.0,6.0,5.0
254,Euler,True,Random,125.0,4.0,2.0,6.0,4.0
255,Euler,True,Brush,250.0,8.0,4.0,6.0,5.0
256,Euler,True,Point,250.0,8.0,2.0,4.0,4.0
257,Euler,True,Random,125.0,8.0,5.0,6.0,5.0
258,Euler,True,Brush,16.0,1.0,5.0,6.0,5.0
259,Eddison,True,Random,125.0,1.0,6.0,3.0,2.0
260,Eddison,False,Circle,16.0,1.0,,,
261,Eddison,True,Brush,16.0,8.0,6.0,4.0,2.0
262,Eddison,True,Random,125.0,4.0,5.0,4.0,4.0
263,Eddison,True,Brush,16.0,4.0,6.0,5.0,4.0
264,Eddison,True,Brush,250.0,4.0,6.0,5.0,3.0
265,Eddison,True,Circle,250.0,1.0,6.0,1.0,0.0
266,Eddison,True,Random,250.0,4.0,4.0,4.0,4.0
267,Eddison,True,Circle,125.0,1.0,6.0,2.0,1.0
268,Eddison,True,Brush,16.0,1.0,6.0,4.0,0.0
269,Eddison,True,Brush,125.0,4.0,6.0,4.0,2.0
270,Eddison,True,Random,250.0,8.0,2.0,3.0,5.0
271,Eddison,True,Point,125.0,8.0,5.0,2.0,3.0
272,Eddison,False,Circle,16.0,4.0,,,
273,Eddison,True,Random,125.0,8.0,2.0,3.0,5.0
274,Eddison,True,Random,16.0,8.0,2.0,4.0,5.0
275,Eddison,True,Random,16.0,1.0,1.0,4.0,6.0
276,Eddison,True,Point,125.0,4.0,4.0,2.0,2.0
277,Eddison,True,Point,250.0,8.0,4.0,0.0,1.0
278,Eddison,True,Point,125.0,1.0,5.0,1.0,2.0
279,Eddison,True,Brush,250.0,1.0,6.0,3.0,0.0
280,Eddison,True,Circle,125.0,8.0,5.0,4.0,3.0
281,Eddison,True,Point,250.0,4.0,5.0,0.0,1.0
282,Eddison,False,Point,16.0,4.0,,,
283,Eddison,True,Point,16.0,1.0,6.0,0.0,0.0
284,Eddison,True,Brush,125.0,1.0,6.0,4.0,0.0
285,Eddison,True,Circle,250.0,8.0,5.0,2.0,3.0
286,Eddison,True,Circle,250.0,4.0,5.0,1.0,2.0
287,Eddison,False,Point,16.0,1.0,,,
288,Eddison,True,Circle,16.0,8.0,0.0,0.0,3.0
289,Eddison,True,Brush,250.0,8.0,5.0,5.0,4.0
290,Eddison,True,Circle,125.0,4.0,6.0,2.0,2.0
291,Eddison,True,Brush,125.0,8.0,5.0,5.0,2.0
292,Eddison,True,Random,16.0,4.0,2.0,4.0,5.0
293,Eddison,True,Point,250.0,1.0,1.0,0.0,4.0
294,Eddison,True,Random,250.0,1.0,2.0,4.0,5.0
295,Eddison,False,Point,16.0,8.0,,,
296,Fibonacci,True,Random,16.0,8.0,4.0,5.0,5.0
297,Fibonacci,False,Circle,16.0,4.0,,,
298,Fibonacci,True,Brush,125.0,1.0,6.0,5.0,1.0
299,Fibonacci,True,Brush,125.0,8.0,2.0,6.0,5.0
300,Fibonacci,True,Point,250.0,1.0,3.0,0.0,3.0
301,Fibonacci,True,Point,16.0,8.0,4.0,0.0,1.0
302,Fibonacci,True,Circle,250.0,1.0,5.0,3.0,6.0
303,Fibonacci,False,Point,16.0,1.0,,,
304,Fibonacci,True,Random,250.0,1.0,4.0,6.0,4.0
305,Fibonacci,True,Brush,16.0,8.0,2.0,5.0,5.0
306,Fibonacci,True,Brush,250.0,4.0,2.0,5.0,4.0
307,Fibonacci,False,Point,16.0,1.0,,,
308,Fibonacci,True,Circle,250.0,8.0,2.0,1.0,3.0
309,Fibonacci,True,Brush,16.0,4.0,1.0,6.0,5.0
310,Fibonacci,True,Point,16.0,4.0,3.0,0.0,3.0
311,Fibonacci,True,Circle,16.0,1.0,2.0,0.0,4.0
312,Fibonacci,True,Point,125.0,4.0,4.0,4.0,3.0
313,Fibonacci,True,Point,125.0,8.0,5.0,5.0,1.0
314,Fibonacci,True,Random,125.0,4.0,5.0,5.0,6.0
315,Fibonacci,True,Circle,125.0,8.0,4.0,4.0,2.0
316,Fibonacci,True,Circle,125.0,4.0,3.0,4.0,2.0
317,Fibonacci,True,Circle,16.0,8.0,4.0,0.0,0.0
318,Fibonacci,True,Point,125.0,1.0,6.0,2.0,0.0
319,Fibonacci,True,Random,16.0,4.0,3.0,6.0,5.0
320,Fibonacci,True,Circle,125.0,1.0,5.0,5.0,6.0
321,Fibonacci,True,Brush,16.0,1.0,5.0,5.0,2.0
322,Fibonacci,True,Random,125.0,1.0,0.0,5.0,5.0
323,Fibonacci,True,Random,125.0,8.0,3.0,5.0,6.0
324,Fibonacci,True,Random,250.0,4.0,4.0,5.0,5.0
325,Fibonacci,True,Circle,250.0,4.0,5.0,1.0,1.0
326,Fibonacci,True,Brush,125.0,4.0,4.0,5.0,1.0
327,Fibonacci,True,Brush,250.0,1.0,6.0,3.0,1.0
328,Fibonacci,True,Point,250.0,4.0,3.0,1.0,1.0
329,Fibonacci,True,Brush,250.0,8.0,1.0,6.0,6.0
330,Fibonacci,True,Random,250.0,8.0,2.0,5.0,5.0
331,Fibonacci,True,Point,250.0,8.0,3.0,1.0,3.0
332,Fibonacci,True,Random,16.0,1.0,4.0,5.0,6.0
333,Galilei,True,Circle,16.0,8.0,3.0,1.0,3.0
334,Galilei,True,Random,125.0,8.0,3.0,6.0,6.0
335,Galilei,True,Random,16.0,8.0,3.0,6.0,6.0
336,Galilei,True,Brush,250.0,1.0,3.0,6.0,6.0
337,Galilei,True,Random,125.0,1.0,3.0,5.0,6.0
338,Galilei,True,Brush,250.0,4.0,3.0,6.0,6.0
339,Galilei,False,Point,16.0,4.0,,,
340,Galilei,True,Random,250.0,1.0,3.0,6.0,6.0
341,Galilei,True,Point,125.0,8.0,3.0,2.0,4.0
342,Galilei,True,Random,250.0,8.0,2.0,6.0,6.0
343,Galilei,True,Brush,16.0,8.0,2.0,6.0,5.0
344,Galilei,True,Point,125.0,4.0,3.0,0.0,3.0
345,Galilei,True,Random,16.0,1.0,2.0,4.0,4.0
346,Galilei,True,Point,250.0,8.0,3.0,1.0,4.0
347,Galilei,False,Point,16.0,8.0,,,
348,Galilei,True,Circle,125.0,8.0,3.0,4.0,4.0
349,Galilei,True,Brush,16.0,1.0,2.0,4.0,4.0
350,Galilei,True,Point,125.0,1.0,3.0,1.0,3.0
351,Galilei,True,Brush,125.0,4.0,2.0,4.0,5.0
352,Galilei,True,Brush,125.0,1.0,3.0,4.0,4.0
353,Galilei,True,Circle,250.0,8.0,3.0,1.0,4.0
354,Galilei,True,Brush,16.0,4.0,3.0,4.0,4.0
355,Galilei,False,Circle,16.0,4.0,,,
356,Galilei,True,Point,250.0,1.0,3.0,0.0,3.0
357,Galilei,True,Point,250.0,4.0,3.0,0.0,3.0
358,Galilei,True,Random,16.0,4.0,2.0,3.0,4.0
359,Galilei,True,Circle,250.0,4.0,3.0,2.0,4.0
360,Galilei,True,Circle,125.0,4.0,3.0,2.0,4.0
361,Galilei,False,Point,16.0,1.0,,,
362,Galilei,False,Point,16.0,1.0,,,
363,Galilei,False,Circle,16.0,1.0,,,
364,Galilei,True,Circle,125.0,1.0,3.0,3.0,4.0
365,Galilei,True,Random,125.0,4.0,3.0,3.0,4.0
366,Galilei,True,Circle,250.0,1.0,3.0,3.0,4.0
367,Galilei,True,Brush,250.0,8.0,3.0,6.0,6.0
368,Galilei,True,Random,250.0,4.0,3.0,5.0,5.0
369,Galilei,True,Brush,125.0,8.0,3.0,5.0,5.0
370,Gauss,True,Random,250.0,4.0,5.0,5.0,3.0
371,Gauss,True,Point,125.0,8.0,2.0,5.0,4.0
372,Gauss,True,Brush,250.0,8.0,2.0,5.0,5.0
373,Gauss,False,Circle,16.0,1.0,,,
374,Gauss,True,Circle,125.0,1.0,6.0,2.0,3.0
375,Gauss,True,Point,250.0,4.0,3.0,1.0,3.0
376,Gauss,True,Circle,125.0,8.0,5.0,4.0,4.0
377,Gauss,True,Point,16.0,8.0,3.0,0.0,3.0
378,Gauss,True,Point,250.0,1.0,2.0,2.0,3.0
379,Gauss,True,Point,125.0,1.0,3.0,4.0,3.0
380,Gauss,True,Point,250.0,8.0,3.0,2.0,3.0
381,Gauss,True,Random,125.0,1.0,6.0,5.0,6.0
382,Gauss,True,Brush,16.0,8.0,6.0,5.0,5.0
383,Gauss,True,Circle,16.0,8.0,3.0,2.0,3.0
384,Gauss,True,Circle,125.0,4.0,4.0,3.0,4.0
385,Gauss,False,Point,16.0,1.0,,,
386,Gauss,True,Random,16.0,1.0,4.0,5.0,5.0
387,Gauss,True,Circle,16.0,4.0,2.0,0.0,2.0
388,Gauss,True,Random,125.0,8.0,5.0,5.0,5.0
389,Gauss,True,Random,250.0,8.0,5.0,5.0,4.0
390,Gauss,True,Random,16.0,8.0,3.0,4.0,4.0
391,Gauss,True,Brush,250.0,4.0,6.0,5.0,6.0
392,Gauss,True,Point,16.0,4.0,3.0,0.0,2.0
393,Gauss,False,Point,16.0,1.0,,,
394,Gauss,True,Brush,125.0,1.0,6.0,5.0,6.0
395,Gauss,True,Point,125.0,4.0,4.0,3.0,4.0
396,Gauss,True,Random,125.0,4.0,5.0,4.0,4.0
397,Gauss,True,Brush,125.0,4.0,6.0,4.0,5.0
398,Gauss,True,Circle,250.0,8.0,5.0,3.0,4.0
399,Gauss,True,Circle,250.0,4.0,2.0,1.0,2.0
400,Gauss,True,Brush,125.0,8.0,4.0,6.0,5.0
401,Gauss,True,Random,250.0,1.0,6.0,5.0,6.0
402,Gauss,True,Random,16.0,4.0,4.0,5.0,5.0
403,Gauss,True,Brush,16.0,1.0,5.0,3.0,2.0
404,Gauss,True,Brush,16.0,4.0,5.0,3.0,3.0
405,Gauss,True,Circle,250.0,1.0,3.0,0.0,2.0
406,Gauss,True,Brush,250.0,1.0,4.0,4.0,2.0
407,Hertz,False,Point,16.0,4.0,,,
408,Hertz,False,Point,16.0,1.0,,,
409,Hertz,True,Brush,125.0,1.0,3.0,0.0,0.0
410,Hertz,True,Random,125.0,4.0,1.0,2.0,3.0
411,Hertz,True,Circle,250.0,8.0,3.0,0.0,0.0
412,Hertz,True,Brush,16.0,8.0,4.0,3.0,4.0
413,Hertz,True,Random,250.0,1.0,3.0,2.0,1.0
414,Hertz,True,Brush,250.0,4.0,3.0,3.0,5.0
415,Hertz,True,Random,250.0,4.0,3.0,3.0,3.0
416,Hertz,False,Circle,16.0,8.0,,,
417,Hertz,True,Brush,125.0,4.0,3.0,2.0,3.0
418,Hertz,True,Random,16.0,8.0,3.0,4.0,6.0
419,Hertz,True,Circle,125.0,8.0,5.0,4.0,6.0
420,Hertz,True,Circle,125.0,4.0,3.0,2.0,1.0
421,Hertz,True,Random,125.0,1.0,3.0,4.0,1.0
422,Hertz,True,Random,250.0,8.0,4.0,3.0,4.0
423,Hertz,True,Random,16.0,1.0,2.0,3.0,1.0
424,Hertz,True,Point,250.0,8.0,3.0,2.0,4.0
425,Hertz,True,Brush,125.0,8.0,4.0,2.0,2.0
426,Hertz,False,Circle,16.0,4.0,,,
427,Hertz,True,Point,125.0,4.0,0.0,5.0,6.0
428,Hertz,True,Point,250.0,4.0,0.0,5.0,6.0
429,Hertz,True,Brush,250.0,1.0,6.0,6.0,0.0
430,Hertz,True,Circle,250.0,1.0,5.0,5.0,1.0
431,Hertz,False,Point,16.0,1.0,,,
432,Hertz,True,Circle,125.0,1.0,6.0,4.0,0.0
433,Hertz,True,Point,125.0,1.0,6.0,4.0,2.0
434,Hertz,True,Brush,16.0,1.0,6.0,3.0,2.0
435,Hertz,True,Random,16.0,4.0,0.0,6.0,6.0
436,Hertz,True,Random,125.0,8.0,3.0,2.0,6.0
437,Hertz,True,Circle,250.0,4.0,1.0,6.0,6.0
438,Hertz,False,Point,16.0,8.0,,,
439,Hertz,True,Point,125.0,8.0,2.0,0.0,6.0
440,Hertz,True,Circle,16.0,1.0,3.0,0.0,0.0
441,Hertz,True,Point,250.0,1.0,3.0,3.0,3.0
442,Hertz,True,Brush,250.0,8.0,6.0,6.0,6.0
443,Hertz,True,Brush,16.0,4.0,6.0,6.0,2.0
444,Hawking,True,Point,250.0,1.0,6.0,2.0,2.0
445,Hawking,True,Brush,250.0,1.0,4.0,4.0,4.0
446,Hawking,True,Brush,250.0,8.0,5.0,4.0,5.0
447,Hawking,True,Random,250.0,1.0,5.0,4.0,5.0
448,Hawking,True,Random,125.0,1.0,5.0,5.0,4.0
449,Hawking,True,Point,16.0,1.0,6.0,0.0,1.0
450,Hawking,True,Circle,125.0,1.0,5.0,1.0,1.0
451,Hawking,True,Circle,16.0,8.0,6.0,1.0,0.0
452,Hawking,True,Circle,125.0,4.0,6.0,2.0,1.0
453,Hawking,True,Random,250.0,8.0,5.0,3.0,4.0
454,Hawking,True,Brush,16.0,8.0,4.0,3.0,4.0
455,Hawking,True,Random,16.0,8.0,4.0,3.0,5.0
456,Hawking,True,Point,250.0,4.0,6.0,2.0,1.0
457,Hawking,True,Random,125.0,8.0,5.0,3.0,5.0
458,Hawking,True,Brush,125.0,1.0,6.0,3.0,1.0
459,Hawking,True,Point,16.0,4.0,6.0,0.0,0.0
460,Hawking,True,Circle,16.0,4.0,4.0,0.0,1.0
461,Hawking,True,Circle,250.0,8.0,6.0,1.0,3.0
462,Hawking,True,Point,16.0,8.0,5.0,0.0,1.0
463,Hawking,True,Circle,250.0,4.0,6.0,1.0,2.0
464,Hawking,True,Circle,16.0,1.0,6.0,0.0,1.0
465,Hawking,True,Circle,250.0,1.0,6.0,2.0,0.0
466,Hawking,True,Point,125.0,8.0,5.0,2.0,4.0
467,Hawking,True,Brush,125.0,4.0,6.0,3.0,3.0
468,Hawking,True,Point,250.0,8.0,6.0,1.0,3.0
469,Hawking,True,Random,16.0,4.0,5.0,2.0,4.0
470,Hawking,True,Brush,125.0,8.0,5.0,2.0,4.0
471,Hawking,True,Circle,125.0,8.0,5.0,2.0,4.0
472,Hawking,True,Brush,250.0,4.0,5.0,3.0,3.0
473,Hawking,True,Brush,16.0,1.0,5.0,2.0,0.0
474,Hawking,True,Random,16.0,1.0,5.0,2.0,5.0
475,Hawking,True,Point,125.0,4.0,5.0,2.0,2.0
476,Hawking,False,Point,16.0,1.0,,,
477,Hawking,True,Random,125.0,4.0,5.0,2.0,4.0
478,Hawking,True,Random,250.0,4.0,5.0,2.0,3.0
479,Hawking,True,Brush,16.0,4.0,5.0,2.0,2.0
480,Hawking,True,Point,125.0,1.0,5.0,1.0,2.0
481,Hubble,True,Circle,250.0,4.0,4.0,2.0,4.0
482,Hubble,True,Random,16.0,8.0,4.0,2.0,4.0
483,Hubble,False,Point,16.0,1.0,,,
484,Hubble,True,Point,250.0,8.0,4.0,1.0,3.0
485,Hubble,True,Point,125.0,1.0,5.0,1.0,0.0
486,Hubble,True,Brush,250.0,4.0,6.0,3.0,5.0
487,Hubble,True,Circle,250.0,8.0,4.0,0.0,4.0
488,Hubble,True,Circle,125.0,4.0,3.0,2.0,5.0
489,Hubble,True,Random,125.0,1.0,3.0,3.0,5.0
490,Hubble,True,Random,125.0,4.0,3.0,4.0,6.0
491,Hubble,False,Brush,125.0,8.0,,,
492,Hubble,True,Point,16.0,8.0,3.0,0.0,0.0
493,Hubble,True,Point,250.0,1.0,4.0,0.0,0.0
494,Hubble,True,Point,250.0,4.0,4.0,0.0,1.0
495,Hubble,True,Brush,250.0,1.0,6.0,2.0,1.0
496,Hubble,True,Random,250.0,8.0,3.0,3.0,6.0
497,Hubble,True,Random,16.0,1.0,6.0,4.0,6.0
498,Hubble,False,Circle,16.0,1.0,,,
499,Hubble,True,Circle,16.0,8.0,3.0,0.0,0.0
500,Hubble,True,Brush,250.0,8.0,6.0,5.0,6.0
501,Hubble,True,Brush,16.0,1.0,6.0,5.0,1.0
502,Hubble,False,Circle,16.0,4.0,,,
503,Hubble,False,Point,16.0,1.0,,,
504,Hubble,True,Random,16.0,4.0,5.0,3.0,5.0
505,Hubble,True,Random,250.0,4.0,3.0,3.0,6.0
506,Hubble,True,Circle,125.0,8.0,4.0,1.0,6.0
507,Hubble,True,Circle,250.0,1.0,6.0,0.0,0.0
508,Hubble,True,Random,250.0,1.0,6.0,4.0,6.0
509,Hubble,True,Brush,16.0,4.0,3.0,3.0,5.0
510,Hubble,False,Point,16.0,4.0,,,
511,Hubble,True,Circle,125.0,1.0,6.0,1.0,0.0
512,Hubble,True,Brush,16.0,8.0,6.0,4.0,6.0
513,Hubble,True,Point,125.0,8.0,2.0,3.0,5.0
514,Hubble,True,Random,125.0,8.0,4.0,3.0,4.0
515,Hubble,True,Brush,125.0,4.0,4.0,4.0,2.0
516,Hubble,True,Point,125.0,4.0,5.0,1.0,2.0
517,Hubble,True,Brush,125.0,1.0,6.0,2.0,0.0
518,Kepler,True,Random,125.0,1.0,5.0,3.0,3.0
519,Kepler,True,Circle,250.0,1.0,5.0,3.0,3.0
520,Kepler,True,Brush,16.0,8.0,5.0,4.0,4.0
521,Kepler,True,Brush,250.0,8.0,4.0,5.0,4.0
522,Kepler,True,Point,250.0,1.0,4.0,1.0,1.0
523,Kepler,False,Point,16.0,1.0,,,
524,Kepler,True,Random,16.0,8.0,4.0,4.0,4.0
525,Kepler,True,Brush,16.0,4.0,3.0,4.0,4.0
526,Kepler,True,Circle,250.0,8.0,4.0,1.0,1.0
527,Kepler,True,Circle,250.0,4.0,4.0,0.0,0.0
528,Kepler,True,Point,125.0,4.0,3.0,4.0,3.0
529,Kepler,True,Brush,125.0,4.0,4.0,4.0,4.0
530,Kepler,True,Random,125.0,8.0,4.0,4.0,5.0
531,Kepler,True,Random,125.0,4.0,4.0,4.0,4.0
532,Kepler,True,Random,16.0,4.0,4.0,4.0,5.0
533,Kepler,True,Point,250.0,4.0,3.0,1.0,1.0
534,Kepler,True,Circle,16.0,8.0,3.0,0.0,1.0
535,Kepler,True,Random,250.0,1.0,5.0,5.0,5.0
536,Kepler,True,Random,250.0,4.0,3.0,4.0,4.0
537,Kepler,True,Point,250.0,8.0,3.0,2.0,2.0
538,Kepler,True,Point,16.0,8.0,3.0,0.0,0.0
539,Kepler,True,Point,125.0,8.0,3.0,3.0,3.0
540,Kepler,True,Brush,16.0,1.0,5.0,4.0,4.0
541,Kepler,True,Brush,250.0,4.0,4.0,4.0,4.0
542,Kepler,True,Point,125.0,1.0,3.0,4.0,3.0
543,Kepler,True,Random,250.0,8.0,4.0,4.0,3.0
544,Kepler,True,Circle,125.0,1.0,3.0,3.0,3.0
545,Kepler,True,Circle,125.0,8.0,4.0,3.0,4.0
546,Kepler,True,Brush,250.0,1.0,4.0,4.0,4.0
547,Kepler,True,Brush,125.0,1.0,4.0,4.0,4.0
548,Kepler,True,Circle,16.0,1.0,3.0,0.0,0.0
549,Kepler,True,Point,16.0,1.0,3.0,0.0,0.0
550,Kepler,True,Circle,125.0,4.0,4.0,3.0,3.0
551,Kepler,True,Circle,16.0,4.0,3.0,0.0,0.0
552,Kepler,True,Point,16.0,4.0,3.0,0.0,0.0
553,Kepler,True,Brush,125.0,8.0,4.0,5.0,5.0
554,Kepler,True,Random,16.0,1.0,5.0,5.0,6.0
555,Lovelace,True,Circle,125.0,8.0,1.0,2.0,4.0
556,Lovelace,True,Point,250.0,1.0,3.0,1.0,1.0
557,Lovelace,True,Point,125.0,4.0,4.0,4.0,4.0
558,Lovelace,True,Circle,125.0,1.0,5.0,5.0,1.0
559,Lovelace,True,Brush,16.0,8.0,5.0,6.0,6.0
560,Lovelace,True,Brush,250.0,1.0,6.0,5.0,1.0
561,Lovelace,True,Random,16.0,8.0,5.0,5.0,5.0
562,Lovelace,True,Random,125.0,4.0,4.0,4.0,4.0
563,Lovelace,False,Circle,16.0,1.0,,,
564,Lovelace,False,Point,16.0,1.0,,,
565,Lovelace,True,Random,125.0,8.0,4.0,5.0,4.0
566,Lovelace,True,Circle,250.0,4.0,5.0,1.0,1.0
567,Lovelace,True,Random,125.0,1.0,1.0,4.0,4.0
568,Lovelace,True,Circle,16.0,8.0,3.0,0.0,0.0
569,Lovelace,True,Circle,125.0,4.0,4.0,1.0,2.0
570,Lovelace,True,Brush,125.0,4.0,5.0,4.0,2.0
571,Lovelace,True,Point,16.0,8.0,0.0,0.0,1.0
572,Lovelace,True,Random,250.0,8.0,4.0,4.0,4.0
573,Lovelace,True,Circle,250.0,1.0,5.0,2.0,1.0
574,Lovelace,True,Brush,125.0,8.0,5.0,4.0,4.0
575,Lovelace,True,Point,250.0,4.0,3.0,0.0,1.0
576,Lovelace,True,Brush,16.0,4.0,4.0,4.0,4.0
577,Lovelace,True,Brush,16.0,1.0,4.0,4.0,1.0
578,Lovelace,True,Brush,250.0,8.0,4.0,4.0,5.0
579,Lovelace,True,Brush,125.0,1.0,5.0,3.0,1.0
580,Lovelace,False,Point,16.0,1.0,,,
581,Lovelace,True,Point,125.0,8.0,3.0,2.0,4.0
582,Lovelace,True,Random,16.0,4.0,4.0,3.0,4.0
583,Lovelace,True,Point,16.0,4.0,3.0,0.0,3.0
584,Lovelace,True,Circle,250.0,8.0,3.0,3.0,4.0
585,Lovelace,True,Point,125.0,1.0,3.0,1.0,2.0
586,Lovelace,True,Random,250.0,1.0,2.0,3.0,5.0
587,Lovelace,True,Brush,250.0,4.0,3.0,3.0,4.0
588,Lovelace,True,Circle,16.0,4.0,3.0,0.0,2.0
589,Lovelace,True,Random,16.0,1.0,2.0,4.0,5.0
590,Lovelace,True,Point,250.0,8.0,2.0,2.0,4.0
591,Lovelace,True,Random,250.0,4.0,4.0,4.0,4.0
592,Newton,True,Brush,16.0,4.0,5.0,3.0,4.0
593,Newton,True,Point,250.0,4.0,3.0,1.0,2.0
594,Newton,True,Brush,250.0,8.0,4.0,4.0,4.0
595,Newton,False,Circle,16.0,1.0,,,
596,Newton,True,Point,250.0,8.0,4.0,1.0,2.0
597,Newton,True,Point,16.0,4.0,5.0,0.0,0.0
598,Newton,True,Random,250.0,4.0,5.0,3.0,4.0
599,Newton,True,Circle,125.0,1.0,5.0,4.0,3.0
600,Newton,True,Circle,16.0,4.0,3.0,0.0,0.0
601,Newton,True,Circle,125.0,8.0,3.0,3.0,3.0
602,Newton,True,Brush,125.0,4.0,5.0,4.0,5.0
603,Newton,True,Point,125.0,1.0,5.0,5.0,4.0
604,Newton,True,Random,16.0,1.0,6.0,4.0,2.0
605,Newton,True,Circle,125.0,4.0,5.0,1.0,2.0
606,Newton,True,Point,16.0,8.0,6.0,0.0,0.0
607,Newton,False,Point,16.0,1.0,,,
608,Newton,True,Random,250.0,1.0,3.0,5.0,5.0
609,Newton,True,Point,250.0,1.0,4.0,2.0,1.0
610,Newton,True,Brush,16.0,1.0,5.0,4.0,4.0
611,Newton,True,Random,125.0,1.0,4.0,3.0,3.0
612,Newton,True,Brush,250.0,4.0,5.0,4.0,3.0
613,Newton,True,Circle,250.0,4.0,4.0,1.0,3.0
614,Newton,True,Brush,16.0,8.0,4.0,3.0,4.0
615,Newton,True,Circle,250.0,1.0,5.0,2.0,1.0
616,Newton,True,Random,16.0,8.0,4.0,3.0,5.0
617,Newton,True,Random,250.0,8.0,4.0,3.0,3.0
618,Newton,True,Random,125.0,4.0,3.0,3.0,4.0
619,Newton,True,Circle,16.0,8.0,5.0,0.0,1.0
620,Newton,True,Point,125.0,4.0,4.0,2.0,4.0
621,Newton,True,Point,16.0,1.0,5.0,0.0,0.0
622,Newton,True,Random,16.0,4.0,4.0,3.0,5.0
623,Newton,True,Brush,125.0,1.0,5.0,4.0,2.0
624,Newton,True,Point,125.0,8.0,4.0,4.0,4.0
625,Newton,True,Brush,125.0,8.0,3.0,4.0,5.0
626,Newton,True,Brush,250.0,1.0,5.0,4.0,3.0
627,Newton,True,Random,125.0,8.0,2.0,4.0,4.0
628,Newton,True,Circle,250.0,8.0,2.0,1.0,3.0
629,Planck,True,Circle,250.0,4.0,3.0,2.0,1.0
630,Planck,True,Random,16.0,8.0,3.0,2.0,2.0
631,Planck,True,Point,16.0,1.0,3.0,0.0,0.0
632,Planck,True,Brush,250.0,4.0,4.0,2.0,1.0
633,Planck,False,Point,16.0,1.0,,,
634,Planck,True,Point,16.0,8.0,4.0,1.0,2.0
635,Planck,True,Point,125.0,4.0,3.0,3.0,2.0
636,Planck,True,Circle,16.0,1.0,3.0,0.0,1.0
637,Planck,True,Brush,16.0,1.0,4.0,3.0,3.0
638,Planck,True,Circle,125.0,8.0,4.0,2.0,4.0
639,Planck,True,Circle,250.0,8.0,3.0,2.0,5.0
640,Planck,True,Circle,125.0,4.0,3.0,2.0,2.0
641,Planck,True,Random,125.0,1.0,4.0,3.0,4.0
642,Planck,True,Brush,16.0,4.0,4.0,3.0,3.0
643,Planck,True,Point,250.0,4.0,3.0,2.0,2.0
644,Planck,True,Random,250.0,1.0,3.0,4.0,4.0
645,Planck,True,Brush,250.0,8.0,3.0,4.0,4.0
646,Planck,True,Brush,250.0,1.0,2.0,3.0,3.0
647,Planck,True,Random,125.0,8.0,3.0,4.0,4.0
648,Planck,True,Point,16.0,4.0,3.0,0.0,4.0
649,Planck,True,Brush,16.0,8.0,3.0,4.0,4.0
650,Planck,True,Point,250.0,8.0,3.0,2.0,4.0
651,Planck,True,Random,125.0,4.0,4.0,2.0,3.0
652,Planck,True,Brush,125.0,8.0,3.0,3.0,4.0
653,Planck,True,Random,250.0,4.0,4.0,3.0,3.0
654,Planck,True,Circle,125.0,1.0,3.0,3.0,3.0
655,Planck,True,Point,125.0,8.0,3.0,3.0,4.0
656,Planck,True,Circle,16.0,8.0,3.0,0.0,4.0
657,Planck,True,Brush,125.0,1.0,3.0,4.0,2.0
658,Planck,True,Random,16.0,4.0,4.0,2.0,2.0
659,Planck,True,Circle,250.0,1.0,4.0,2.0,1.0
660,Planck,True,Circle,16.0,4.0,3.0,0.0,4.0
661,Planck,True,Random,16.0,1.0,4.0,3.0,3.0
662,Planck,True,Point,125.0,1.0,4.0,3.0,1.0
663,Planck,True,Random,250.0,8.0,4.0,3.0,4.0
664,Planck,True,Point,250.0,1.0,4.0,3.0,1.0
665,Planck,True,Brush,125.0,4.0,3.0,3.0,4.0
666,Tesla,True,Circle,125.0,8.0,3.0,5.0,5.0
667,Tesla,True,Random,125.0,4.0,4.0,3.0,5.0
668,Tesla,True,Random,16.0,1.0,4.0,3.0,5.0
669,Tesla,True,Brush,250.0,4.0,5.0,5.0,3.0
670,Tesla,True,Brush,16.0,1.0,6.0,5.0,4.0
671,Tesla,False,Point,16.0,1.0,,,
672,Tesla,True,Circle,16.0,8.0,3.0,1.0,4.0
673,Tesla,True,Brush,16.0,4.0,4.0,5.0,5.0
674,Tesla,True,Circle,16.0,1.0,3.0,0.0,0.0
675,Tesla,True,Circle,250.0,1.0,5.0,1.0,2.0
676,Tesla,True,Brush,125.0,8.0,4.0,5.0,5.0
677,Tesla,True,Brush,250.0,1.0,4.0,4.0,2.0
678,Tesla,True,Random,250.0,4.0,3.0,2.0,4.0
679,Tesla,True,Point,16.0,4.0,2.0,0.0,2.0
680,Tesla,True,Random,16.0,4.0,3.0,4.0,5.0
681,Tesla,True,Random,250.0,1.0,2.0,5.0,6.0
682,Tesla,True,Circle,250.0,4.0,4.0,2.0,4.0
683,Tesla,True,Point,16.0,1.0,1.0,0.0,0.0
684,Tesla,True,Circle,125.0,1.0,4.0,3.0,3.0
685,Tesla,True,Point,125.0,4.0,3.0,4.0,3.0
686,Tesla,True,Random,125.0,8.0,2.0,5.0,6.0
687,Tesla,True,Random,16.0,8.0,4.0,5.0,6.0
688,Tesla,True,Brush,250.0,8.0,5.0,6.0,6.0
689,Tesla,True,Point,250.0,1.0,2.0,2.0,0.0
690,Tesla,True,Brush,125.0,1.0,6.0,6.0,2.0
691,Tesla,True,Point,125.0,1.0,2.0,4.0,0.0
692,Tesla,True,Circle,250.0,8.0,4.0,1.0,5.0
693,Tesla,True,Point,125.0,8.0,1.0,5.0,4.0
694,Tesla,True,Brush,16.0,8.0,5.0,6.0,6.0
695,Tesla,True,Point,250.0,4.0,2.0,2.0,2.0
696,Tesla,True,Random,125.0,1.0,3.0,6.0,6.0
697,Tesla,True,Circle,16.0,4.0,1.0,0.0,3.0
698,Tesla,True,Random,250.0,8.0,3.0,5.0,5.0
699,Tesla,True,Point,250.0,8.0,1.0,1.0,2.0
700,Tesla,True,Circle,125.0,4.0,4.0,4.0,4.0
701,Tesla,True,Brush,125.0,4.0,5.0,6.0,5.0
702,Tesla,True,Point,16.0,8.0,1.0,0.0,4.0
